year,area,area_name,xtype,racecomp,ss
2024,1,Alabama,No young children,Total,0.55093166
2024,1,Alabama,No young children,White,0.59668229
2024,1,Alabama,No young children,Black,0.43770144
2024,1,Alabama,No young children,Hispanic,0.486765446
2024,1,Alabama,No young children,Asian,0.644776241
2024,1,Alabama,No young children,Other,0.538929322
2024,1,Alabama,No young children,People of Color,0.460671893
2024,1,Alabama,One or more young children,Total,0.414223454
2024,1,Alabama,One or more young children,White,0.488712619
2024,1,Alabama,One or more young children,Black,0.24825804
2024,1,Alabama,One or more young children,Hispanic,0.325167479
2024,1,Alabama,One or more young children,Asian,0.5353129
2024,1,Alabama,One or more young children,Other,0.427722656
2024,1,Alabama,One or more young children,People of Color,0.295915632
2024,2,Alaska,No young children,Total,0.617164141
2024,2,Alaska,No young children,White,0.659041748
2024,2,Alaska,No young children,Black,0.37140274
2024,2,Alaska,No young children,Hispanic,0.771725654
2024,2,Alaska,No young children,Asian,0.578376652
2024,2,Alaska,No young children,Other,0.423276564
2024,2,Alaska,No young children,People of Color,0.513511987
2024,2,Alaska,One or more young children,Total,0.36902701
2024,2,Alaska,One or more young children,White,0.45765622
2024,2,Alaska,One or more young children,Black,0.470705673
2024,2,Alaska,One or more young children,Hispanic,0.241633979
2024,2,Alaska,One or more young children,Asian,0.372834085
2024,2,Alaska,One or more young children,Other,0.225595415
2024,2,Alaska,One or more young children,People of Color,0.264467805
2024,4,Arizona,No young children,Total,0.58661751
2024,4,Arizona,No young children,White,0.615648396
2024,4,Arizona,No young children,Black,0.519061373
2024,4,Arizona,No young children,Hispanic,0.518299396
2024,4,Arizona,No young children,Asian,0.626948232
2024,4,Arizona,No young children,Other,0.525092202
2024,4,Arizona,No young children,People of Color,0.530755009
2024,4,Arizona,One or more young children,Total,0.382815445
2024,4,Arizona,One or more young children,White,0.496672195
2024,4,Arizona,One or more young children,Black,0.256243178
2024,4,Arizona,One or more young children,Hispanic,0.260153052
2024,4,Arizona,One or more young children,Asian,0.569485233
2024,4,Arizona,One or more young children,Other,0.331351913
2024,4,Arizona,One or more young children,People of Color,0.294809811
2024,5,Arkansas,No young children,Total,0.56922391
2024,5,Arkansas,No young children,White,0.597185147
2024,5,Arkansas,No young children,Black,0.471955605
2024,5,Arkansas,No young children,Hispanic,0.483751459
2024,5,Arkansas,No young children,Asian,0.570854387
2024,5,Arkansas,No young children,Other,0.536210274
2024,5,Arkansas,No young children,People of Color,0.494812935
2024,5,Arkansas,One or more young children,Total,0.439234225
2024,5,Arkansas,One or more young children,White,0.490613708
2024,5,Arkansas,One or more young children,Black,0.350322189
2024,5,Arkansas,One or more young children,Hispanic,0.27199842
2024,5,Arkansas,One or more young children,Asian,0.69710855
2024,5,Arkansas,One or more young children,Other,0.385111546
2024,5,Arkansas,One or more young children,People of Color,0.354285509
2024,6,California,No young children,Total,0.542615507
2024,6,California,No young children,White,0.599086198
2024,6,California,No young children,Black,0.477698477
2024,6,California,No young children,Hispanic,0.43721094
2024,6,California,No young children,Asian,0.57351906
2024,6,California,No young children,Other,0.570634213
2024,6,California,No young children,People of Color,0.494124687
2024,6,California,One or more young children,Total,0.323744974
2024,6,California,One or more young children,White,0.442578692
2024,6,California,One or more young children,Black,0.245163127
2024,6,California,One or more young children,Hispanic,0.204905333
2024,6,California,One or more young children,Asian,0.42453246
2024,6,California,One or more young children,Other,0.376662309
2024,6,California,One or more young children,People of Color,0.271448935
2024,8,Colorado,No young children,Total,0.648122579
2024,8,Colorado,No young children,White,0.673216279
2024,8,Colorado,No young children,Black,0.588174116
2024,8,Colorado,No young children,Hispanic,0.56189132
2024,8,Colorado,No young children,Asian,0.626431398
2024,8,Colorado,No young children,Other,0.60016611
2024,8,Colorado,No young children,People of Color,0.579334421
2024,8,Colorado,One or more young children,Total,0.424610127
2024,8,Colorado,One or more young children,White,0.51040507
2024,8,Colorado,One or more young children,Black,0.209068584
2024,8,Colorado,One or more young children,Hispanic,0.251219724
2024,8,Colorado,One or more young children,Asian,0.464104923
2024,8,Colorado,One or more young children,Other,0.433838096
2024,8,Colorado,One or more young children,People of Color,0.293974151
2024,9,Connecticut,No young children,Total,0.601143126
2024,9,Connecticut,No young children,White,0.649520472
2024,9,Connecticut,No young children,Black,0.480082335
2024,9,Connecticut,No young children,Hispanic,0.410267292
2024,9,Connecticut,No young children,Asian,0.63877646
2024,9,Connecticut,No young children,Other,0.586157051
2024,9,Connecticut,No young children,People of Color,0.483696419
2024,9,Connecticut,One or more young children,Total,0.435446912
2024,9,Connecticut,One or more young children,White,0.550739261
2024,9,Connecticut,One or more young children,Black,0.259283027
2024,9,Connecticut,One or more young children,Hispanic,0.250242205
2024,9,Connecticut,One or more young children,Asian,0.547999527
2024,9,Connecticut,One or more young children,Other,0.311267441
2024,9,Connecticut,One or more young children,People of Color,0.298045381
2024,10,Delaware,No young children,Total,0.557835365
2024,10,Delaware,No young children,White,0.591897937
2024,10,Delaware,No young children,Black,0.455511975
2024,10,Delaware,No young children,Hispanic,0.427489606
2024,10,Delaware,No young children,Asian,0.67703647
2024,10,Delaware,No young children,Other,0.558755187
2024,10,Delaware,No young children,People of Color,0.484671007
2024,10,Delaware,One or more young children,Total,0.411451879
2024,10,Delaware,One or more young children,White,0.521343435
2024,10,Delaware,One or more young children,Black,0.256826607
2024,10,Delaware,One or more young children,Hispanic,0.176963156
2024,10,Delaware,One or more young children,Asian,0.495508274
2024,10,Delaware,One or more young children,Other,0.464895105
2024,10,Delaware,One or more young children,People of Color,0.291981618
2024,11,District of Columbia,No young children,Total,0.668088637
2024,11,District of Columbia,No young children,White,0.829566602
2024,11,District of Columbia,No young children,Black,0.45032083
2024,11,District of Columbia,No young children,Hispanic,0.756331389
2024,11,District of Columbia,No young children,Asian,0.728604996
2024,11,District of Columbia,No young children,Other,0.679113877
2024,11,District of Columbia,No young children,People of Color,0.548265475
2024,11,District of Columbia,One or more young children,Total,0.357371303
2024,11,District of Columbia,One or more young children,White,0.622796923
2024,11,District of Columbia,One or more young children,Black,0.162759702
2024,11,District of Columbia,One or more young children,Hispanic,0.26627794
2024,11,District of Columbia,One or more young children,Asian,0.711891461
2024,11,District of Columbia,One or more young children,Other,0.454193191
2024,11,District of Columbia,One or more young children,People of Color,0.244514833
2024,12,Florida,No young children,Total,0.552807785
2024,12,Florida,No young children,White,0.602441751
2024,12,Florida,No young children,Black,0.437367378
2024,12,Florida,No young children,Hispanic,0.46820362
2024,12,Florida,No young children,Asian,0.613262104
2024,12,Florida,No young children,Other,0.558175576
2024,12,Florida,No young children,People of Color,0.476318734
2024,12,Florida,One or more young children,Total,0.410999226
2024,12,Florida,One or more young children,White,0.531148927
2024,12,Florida,One or more young children,Black,0.267787771
2024,12,Florida,One or more young children,Hispanic,0.316009123
2024,12,Florida,One or more young children,Asian,0.556603101
2024,12,Florida,One or more young children,Other,0.409094214
2024,12,Florida,One or more young children,People of Color,0.32483832
2024,13,Georgia,No young children,Total,0.548002084
2024,13,Georgia,No young children,White,0.599553304
2024,13,Georgia,No young children,Black,0.473447644
2024,13,Georgia,No young children,Hispanic,0.472769358
2024,13,Georgia,No young children,Asian,0.552305323
2024,13,Georgia,No young children,Other,0.539189069
2024,13,Georgia,No young children,People of Color,0.485776843
2024,13,Georgia,One or more young children,Total,0.415870975
2024,13,Georgia,One or more young children,White,0.5128605
2024,13,Georgia,One or more young children,Black,0.328728052
2024,13,Georgia,One or more young children,Hispanic,0.231176258
2024,13,Georgia,One or more young children,Asian,0.518707667
2024,13,Georgia,One or more young children,Other,0.413447526
2024,13,Georgia,One or more young children,People of Color,0.333588624
2024,15,Hawaii,No young children,Total,0.443802205
2024,15,Hawaii,No young children,White,0.481314683
2024,15,Hawaii,No young children,Black,0.469308811
2024,15,Hawaii,No young children,Hispanic,0.363477883
2024,15,Hawaii,No young children,Asian,0.431901249
2024,15,Hawaii,No young children,Other,0.433187559
2024,15,Hawaii,No young children,People of Color,0.426466184
2024,15,Hawaii,One or more young children,Total,0.20225575
2024,15,Hawaii,One or more young children,White,0.232902884
2024,15,Hawaii,One or more young children,Black,0.187881098
2024,15,Hawaii,One or more young children,Hispanic,0.120412443
2024,15,Hawaii,One or more young children,Asian,0.230219688
2024,15,Hawaii,One or more young children,Other,0.169879517
2024,15,Hawaii,One or more young children,People of Color,0.192522246
2024,16,Idaho,No young children,Total,0.603060623
2024,16,Idaho,No young children,White,0.609599182
2024,16,Idaho,No young children,Black,0.744396906
2024,16,Idaho,No young children,Hispanic,0.594247496
2024,16,Idaho,No young children,Asian,0.545688915
2024,16,Idaho,No young children,Other,0.523111151
2024,16,Idaho,No young children,People of Color,0.566851612
2024,16,Idaho,One or more young children,Total,0.421944101
2024,16,Idaho,One or more young children,White,0.441825701
2024,16,Idaho,One or more young children,Black,0.095238098
2024,16,Idaho,One or more young children,Hispanic,0.337908045
2024,16,Idaho,One or more young children,Asian,0.534357054
2024,16,Idaho,One or more young children,Other,0.382333703
2024,16,Idaho,One or more young children,People of Color,0.35410437
2024,17,Illinois,No young children,Total,0.575770272
2024,17,Illinois,No young children,White,0.622920875
2024,17,Illinois,No young children,Black,0.420723458
2024,17,Illinois,No young children,Hispanic,0.466407738
2024,17,Illinois,No young children,Asian,0.596420196
2024,17,Illinois,No young children,Other,0.599439753
2024,17,Illinois,No young children,People of Color,0.482452687
2024,17,Illinois,One or more young children,Total,0.45117223
2024,17,Illinois,One or more young children,White,0.547426355
2024,17,Illinois,One or more young children,Black,0.306331495
2024,17,Illinois,One or more young children,Hispanic,0.257585757
2024,17,Illinois,One or more young children,Asian,0.547443963
2024,17,Illinois,One or more young children,Other,0.434939633
2024,17,Illinois,One or more young children,People of Color,0.332412713
2024,18,Indiana,No young children,Total,0.582412125
2024,18,Indiana,No young children,White,0.600418516
2024,18,Indiana,No young children,Black,0.469508252
2024,18,Indiana,No young children,Hispanic,0.521046012
2024,18,Indiana,No young children,Asian,0.558664628
2024,18,Indiana,No young children,Other,0.54523277
2024,18,Indiana,No young children,People of Color,0.506342791
2024,18,Indiana,One or more young children,Total,0.395388172
2024,18,Indiana,One or more young children,White,0.447279191
2024,18,Indiana,One or more young children,Black,0.226934045
2024,18,Indiana,One or more young children,Hispanic,0.271527803
2024,18,Indiana,One or more young children,Asian,0.31120429
2024,18,Indiana,One or more young children,Other,0.306009298
2024,18,Indiana,One or more young children,People of Color,0.265221042
2024,19,Iowa,No young children,Total,0.631049447
2024,19,Iowa,No young children,White,0.645005327
2024,19,Iowa,No young children,Black,0.435640048
2024,19,Iowa,No young children,Hispanic,0.55309112
2024,19,Iowa,No young children,Asian,0.602346193
2024,19,Iowa,No young children,Other,0.517656283
2024,19,Iowa,No young children,People of Color,0.52827144
2024,19,Iowa,One or more young children,Total,0.485838897
2024,19,Iowa,One or more young children,White,0.540895192
2024,19,Iowa,One or more young children,Black,0.195702414
2024,19,Iowa,One or more young children,Hispanic,0.270544527
2024,19,Iowa,One or more young children,Asian,0.443689265
2024,19,Iowa,One or more young children,Other,0.372707929
2024,19,Iowa,One or more young children,People of Color,0.286718295
2024,20,Kansas,No young children,Total,0.621467912
2024,20,Kansas,No young children,White,0.645853736
2024,20,Kansas,No young children,Black,0.445231987
2024,20,Kansas,No young children,Hispanic,0.527411248
2024,20,Kansas,No young children,Asian,0.585887994
2024,20,Kansas,No young children,Other,0.58564537
2024,20,Kansas,No young children,People of Color,0.528284727
2024,20,Kansas,One or more young children,Total,0.487326601
2024,20,Kansas,One or more young children,White,0.544378513
2024,20,Kansas,One or more young children,Black,0.166138891
2024,20,Kansas,One or more young children,Hispanic,0.338775328
2024,20,Kansas,One or more young children,Asian,0.568119417
2024,20,Kansas,One or more young children,Other,0.436702657
2024,20,Kansas,One or more young children,People of Color,0.357238896
2024,21,Kentucky,No young children,Total,0.533457241
2024,21,Kentucky,No young children,White,0.547112706
2024,21,Kentucky,No young children,Black,0.391137178
2024,21,Kentucky,No young children,Hispanic,0.442509937
2024,21,Kentucky,No young children,Asian,0.6568707
2024,21,Kentucky,No young children,Other,0.496652821
2024,21,Kentucky,No young children,People of Color,0.455798721
2024,21,Kentucky,One or more young children,Total,0.37995937
2024,21,Kentucky,One or more young children,White,0.416697033
2024,21,Kentucky,One or more young children,Black,0.210792679
2024,21,Kentucky,One or more young children,Hispanic,0.176450803
2024,21,Kentucky,One or more young children,Asian,0.357556094
2024,21,Kentucky,One or more young children,Other,0.334473793
2024,21,Kentucky,One or more young children,People of Color,0.237697208
2024,22,Louisiana,No young children,Total,0.52955083
2024,22,Louisiana,No young children,White,0.598939626
2024,22,Louisiana,No young children,Black,0.389920702
2024,22,Louisiana,No young children,Hispanic,0.536491098
2024,22,Louisiana,No young children,Asian,0.507326777
2024,22,Louisiana,No young children,Other,0.529656455
2024,22,Louisiana,No young children,People of Color,0.426344052
2024,22,Louisiana,One or more young children,Total,0.391989227
2024,22,Louisiana,One or more young children,White,0.528542978
2024,22,Louisiana,One or more young children,Black,0.210541237
2024,22,Louisiana,One or more young children,Hispanic,0.209591255
2024,22,Louisiana,One or more young children,Asian,0.410404005
2024,22,Louisiana,One or more young children,Other,0.348015849
2024,22,Louisiana,One or more young children,People of Color,0.232081117
2024,23,Maine,No young children,Total,0.565965788
2024,23,Maine,No young children,White,0.570139811
2024,23,Maine,No young children,Black,0.324037882
2024,23,Maine,No young children,Hispanic,0.493330281
2024,23,Maine,No young children,Asian,0.517928037
2024,23,Maine,No young children,Other,0.562345197
2024,23,Maine,No young children,People of Color,0.517326764
2024,23,Maine,One or more young children,Total,0.427455782
2024,23,Maine,One or more young children,White,0.441340633
2024,23,Maine,One or more young children,Black,0.383113714
2024,23,Maine,One or more young children,Hispanic,0.199167653
2024,23,Maine,One or more young children,Asian,0.308300397
2024,23,Maine,One or more young children,Other,0.338584171
2024,23,Maine,One or more young children,People of Color,0.300974999
2024,24,Maryland,No young children,Total,0.620165726
2024,24,Maryland,No young children,White,0.675216486
2024,24,Maryland,No young children,Black,0.5493756
2024,24,Maryland,No young children,Hispanic,0.522566189
2024,24,Maryland,No young children,Asian,0.6309149
2024,24,Maryland,No young children,Other,0.570830659
2024,24,Maryland,No young children,People of Color,0.557308114
2024,24,Maryland,One or more young children,Total,0.405062338
2024,24,Maryland,One or more young children,White,0.515897541
2024,24,Maryland,One or more young children,Black,0.316651061
2024,24,Maryland,One or more young children,Hispanic,0.220041536
2024,24,Maryland,One or more young children,Asian,0.471450227
2024,24,Maryland,One or more young children,Other,0.426229044
2024,24,Maryland,One or more young children,People of Color,0.322398622
2024,25,Massachusetts,No young children,Total,0.559768864
2024,25,Massachusetts,No young children,White,0.591880478
2024,25,Massachusetts,No young children,Black,0.410742323
2024,25,Massachusetts,No young children,Hispanic,0.402444777
2024,25,Massachusetts,No young children,Asian,0.585574698
2024,25,Massachusetts,No young children,Other,0.489859643
2024,25,Massachusetts,No young children,People of Color,0.463969585
2024,25,Massachusetts,One or more young children,Total,0.349921786
2024,25,Massachusetts,One or more young children,White,0.427802512
2024,25,Massachusetts,One or more young children,Black,0.204759762
2024,25,Massachusetts,One or more young children,Hispanic,0.168223909
2024,25,Massachusetts,One or more young children,Asian,0.447034983
2024,25,Massachusetts,One or more young children,Other,0.205837178
2024,25,Massachusetts,One or more young children,People of Color,0.239872028
2024,26,Michigan,No young children,Total,0.595965857
2024,26,Michigan,No young children,White,0.623119155
2024,26,Michigan,No young children,Black,0.435458508
2024,26,Michigan,No young children,Hispanic,0.542812544
2024,26,Michigan,No young children,Asian,0.700064249
2024,26,Michigan,No young children,Other,0.552603987
2024,26,Michigan,No young children,People of Color,0.504904585
2024,26,Michigan,One or more young children,Total,0.427899923
2024,26,Michigan,One or more young children,White,0.472635711
2024,26,Michigan,One or more young children,Black,0.265555331
2024,26,Michigan,One or more young children,Hispanic,0.310199703
2024,26,Michigan,One or more young children,Asian,0.500795884
2024,26,Michigan,One or more young children,Other,0.363320332
2024,26,Michigan,One or more young children,People of Color,0.328425717
2024,27,Minnesota,No young children,Total,0.616008773
2024,27,Minnesota,No young children,White,0.633536843
2024,27,Minnesota,No young children,Black,0.391510053
2024,27,Minnesota,No young children,Hispanic,0.568078979
2024,27,Minnesota,No young children,Asian,0.584964235
2024,27,Minnesota,No young children,Other,0.616183384
2024,27,Minnesota,No young children,People of Color,0.526026864
2024,27,Minnesota,One or more young children,Total,0.387498037
2024,27,Minnesota,One or more young children,White,0.443522019
2024,27,Minnesota,One or more young children,Black,0.125646698
2024,27,Minnesota,One or more young children,Hispanic,0.264317476
2024,27,Minnesota,One or more young children,Asian,0.315827433
2024,27,Minnesota,One or more young children,Other,0.325957579
2024,27,Minnesota,One or more young children,People of Color,0.24046159
2024,28,Mississippi,No young children,Total,0.529651093
2024,28,Mississippi,No young children,White,0.596333369
2024,28,Mississippi,No young children,Black,0.422036411
2024,28,Mississippi,No young children,Hispanic,0.531601656
2024,28,Mississippi,No young children,Asian,0.52800739
2024,28,Mississippi,No young children,Other,0.508405461
2024,28,Mississippi,No young children,People of Color,0.436363931
2024,28,Mississippi,One or more young children,Total,0.425373558
2024,28,Mississippi,One or more young children,White,0.53677189
2024,28,Mississippi,One or more young children,Black,0.287064809
2024,28,Mississippi,One or more young children,Hispanic,0.262334766
2024,28,Mississippi,One or more young children,Asian,0.436796419
2024,28,Mississippi,One or more young children,Other,0.370269875
2024,28,Mississippi,One or more young children,People of Color,0.29422338
2024,29,Missouri,No young children,Total,0.602425252
2024,29,Missouri,No young children,White,0.628403891
2024,29,Missouri,No young children,Black,0.454121094
2024,29,Missouri,No young children,Hispanic,0.492522158
2024,29,Missouri,No young children,Asian,0.646304496
2024,29,Missouri,No young children,Other,0.543763772
2024,29,Missouri,No young children,People of Color,0.4978467
2024,29,Missouri,One or more young children,Total,0.424878519
2024,29,Missouri,One or more young children,White,0.479679548
2024,29,Missouri,One or more young children,Black,0.148183193
2024,29,Missouri,One or more young children,Hispanic,0.289986941
2024,29,Missouri,One or more young children,Asian,0.470349379
2024,29,Missouri,One or more young children,Other,0.352699483
2024,29,Missouri,One or more young children,People of Color,0.255353404
2024,30,Montana,No young children,Total,0.648864233
2024,30,Montana,No young children,White,0.668645925
2024,30,Montana,No young children,Black,0.678993899
2024,30,Montana,No young children,Hispanic,0.482161537
2024,30,Montana,No young children,Asian,0.546879628
2024,30,Montana,No young children,Other,0.512803382
2024,30,Montana,No young children,People of Color,0.50969903
2024,30,Montana,One or more young children,Total,0.396802041
2024,30,Montana,One or more young children,White,0.431105066
2024,30,Montana,One or more young children,Black,0.154532412
2024,30,Montana,One or more young children,Hispanic,0.19657064
2024,30,Montana,One or more young children,Asian,0
2024,30,Montana,One or more young children,Other,0.292912201
2024,30,Montana,One or more young children,People of Color,0.25662788
2024,31,Nebraska,No young children,Total,0.598883172
2024,31,Nebraska,No young children,White,0.620920669
2024,31,Nebraska,No young children,Black,0.353636029
2024,31,Nebraska,No young children,Hispanic,0.497695436
2024,31,Nebraska,No young children,Asian,0.587274465
2024,31,Nebraska,No young children,Other,0.529341823
2024,31,Nebraska,No young children,People of Color,0.484148056
2024,31,Nebraska,One or more young children,Total,0.359858439
2024,31,Nebraska,One or more young children,White,0.42396508
2024,31,Nebraska,One or more young children,Black,0.124264089
2024,31,Nebraska,One or more young children,Hispanic,0.214990686
2024,31,Nebraska,One or more young children,Asian,0.276971949
2024,31,Nebraska,One or more young children,Other,0.210150949
2024,31,Nebraska,One or more young children,People of Color,0.208235494
2024,32,Nevada,No young children,Total,0.599942499
2024,32,Nevada,No young children,White,0.642816288
2024,32,Nevada,No young children,Black,0.478082819
2024,32,Nevada,No young children,Hispanic,0.505659853
2024,32,Nevada,No young children,Asian,0.647122364
2024,32,Nevada,No young children,Other,0.611180778
2024,32,Nevada,No young children,People of Color,0.544399699
2024,32,Nevada,One or more young children,Total,0.379187402
2024,32,Nevada,One or more young children,White,0.537224044
2024,32,Nevada,One or more young children,Black,0.22403574
2024,32,Nevada,One or more young children,Hispanic,0.221042521
2024,32,Nevada,One or more young children,Asian,0.45653539
2024,32,Nevada,One or more young children,Other,0.433837671
2024,32,Nevada,One or more young children,People of Color,0.283450188
2024,33,New Hampshire,No young children,Total,0.6504213
2024,33,New Hampshire,No young children,White,0.649016853
2024,33,New Hampshire,No young children,Black,0.614760274
2024,33,New Hampshire,No young children,Hispanic,0.700206523
2024,33,New Hampshire,No young children,Asian,0.725589046
2024,33,New Hampshire,No young children,Other,0.591226386
2024,33,New Hampshire,No young children,People of Color,0.664267162
2024,33,New Hampshire,One or more young children,Total,0.520491297
2024,33,New Hampshire,One or more young children,White,0.546253112
2024,33,New Hampshire,One or more young children,Black,0.007487132
2024,33,New Hampshire,One or more young children,Hispanic,0.511320174
2024,33,New Hampshire,One or more young children,Asian,0.436698534
2024,33,New Hampshire,One or more young children,Other,0.363727154
2024,33,New Hampshire,One or more young children,People of Color,0.391806103
2024,34,New Jersey,No young children,Total,0.614481577
2024,34,New Jersey,No young children,White,0.654978169
2024,34,New Jersey,No young children,Black,0.533984727
2024,34,New Jersey,No young children,Hispanic,0.468652999
2024,34,New Jersey,No young children,Asian,0.71552621
2024,34,New Jersey,No young children,Other,0.617174491
2024,34,New Jersey,No young children,People of Color,0.55432447
2024,34,New Jersey,One or more young children,Total,0.444575543
2024,34,New Jersey,One or more young children,White,0.537935542
2024,34,New Jersey,One or more young children,Black,0.360843836
2024,34,New Jersey,One or more young children,Hispanic,0.256594689
2024,34,New Jersey,One or more young children,Asian,0.612752372
2024,34,New Jersey,One or more young children,Other,0.42130619
2024,34,New Jersey,One or more young children,People of Color,0.37174609
2024,35,New Mexico,No young children,Total,0.595844309
2024,35,New Mexico,No young children,White,0.655972877
2024,35,New Mexico,No young children,Black,0.545863737
2024,35,New Mexico,No young children,Hispanic,0.537929365
2024,35,New Mexico,No young children,Asian,0.688971387
2024,35,New Mexico,No young children,Other,0.537607062
2024,35,New Mexico,No young children,People of Color,0.54330066
2024,35,New Mexico,One or more young children,Total,0.422855252
2024,35,New Mexico,One or more young children,White,0.550127434
2024,35,New Mexico,One or more young children,Black,0.48203795
2024,35,New Mexico,One or more young children,Hispanic,0.380541237
2024,35,New Mexico,One or more young children,Asian,0.355470167
2024,35,New Mexico,One or more young children,Other,0.288091079
2024,35,New Mexico,One or more young children,People of Color,0.369582722
2024,36,New York,No young children,Total,0.523733937
2024,36,New York,No young children,White,0.600452105
2024,36,New York,No young children,Black,0.390763021
2024,36,New York,No young children,Hispanic,0.342263403
2024,36,New York,No young children,Asian,0.48256201
2024,36,New York,No young children,Other,0.535837987
2024,36,New York,No young children,People of Color,0.405174758
2024,36,New York,One or more young children,Total,0.318291019
2024,36,New York,One or more young children,White,0.427578318
2024,36,New York,One or more young children,Black,0.166402764
2024,36,New York,One or more young children,Hispanic,0.172160131
2024,36,New York,One or more young children,Asian,0.293297502
2024,36,New York,One or more young children,Other,0.343747956
2024,36,New York,One or more young children,People of Color,0.210736028
2024,37,North Carolina,No young children,Total,0.574863731
2024,37,North Carolina,No young children,White,0.61342181
2024,37,North Carolina,No young children,Black,0.478267393
2024,37,North Carolina,No young children,Hispanic,0.467195289
2024,37,North Carolina,No young children,Asian,0.663237801
2024,37,North Carolina,No young children,Other,0.54821955
2024,37,North Carolina,No young children,People of Color,0.498774849
2024,37,North Carolina,One or more young children,Total,0.438044338
2024,37,North Carolina,One or more young children,White,0.528647793
2024,37,North Carolina,One or more young children,Black,0.295930556
2024,37,North Carolina,One or more young children,Hispanic,0.201484967
2024,37,North Carolina,One or more young children,Asian,0.631160815
2024,37,North Carolina,One or more young children,Other,0.454665602
2024,37,North Carolina,One or more young children,People of Color,0.325034084
2024,38,North Dakota,No young children,Total,0.668614954
2024,38,North Dakota,No young children,White,0.676952206
2024,38,North Dakota,No young children,Black,0.829354746
2024,38,North Dakota,No young children,Hispanic,0.61882211
2024,38,North Dakota,No young children,Asian,0.627537766
2024,38,North Dakota,No young children,Other,0.548556153
2024,38,North Dakota,No young children,People of Color,0.620143672
2024,38,North Dakota,One or more young children,Total,0.515273832
2024,38,North Dakota,One or more young children,White,0.590679202
2024,38,North Dakota,One or more young children,Black,0.199470792
2024,38,North Dakota,One or more young children,Hispanic,0.353748478
2024,38,North Dakota,One or more young children,Asian,0.127562105
2024,38,North Dakota,One or more young children,Other,0.356654056
2024,38,North Dakota,One or more young children,People of Color,0.295678186
2024,39,Ohio,No young children,Total,0.629854696
2024,39,Ohio,No young children,White,0.660537468
2024,39,Ohio,No young children,Black,0.47022506
2024,39,Ohio,No young children,Hispanic,0.530759327
2024,39,Ohio,No young children,Asian,0.618070951
2024,39,Ohio,No young children,Other,0.553417787
2024,39,Ohio,No young children,People of Color,0.509697624
2024,39,Ohio,One or more young children,Total,0.454228257
2024,39,Ohio,One or more young children,White,0.508833825
2024,39,Ohio,One or more young children,Black,0.259110004
2024,39,Ohio,One or more young children,Hispanic,0.345009812
2024,39,Ohio,One or more young children,Asian,0.428661661
2024,39,Ohio,One or more young children,Other,0.371989149
2024,39,Ohio,One or more young children,People of Color,0.316853129
2024,40,Oklahoma,No young children,Total,0.573651875
2024,40,Oklahoma,No young children,White,0.598692201
2024,40,Oklahoma,No young children,Black,0.468461871
2024,40,Oklahoma,No young children,Hispanic,0.512185714
2024,40,Oklahoma,No young children,Asian,0.4654883
2024,40,Oklahoma,No young children,Other,0.546903202
2024,40,Oklahoma,No young children,People of Color,0.514162454
2024,40,Oklahoma,One or more young children,Total,0.384253548
2024,40,Oklahoma,One or more young children,White,0.43599713
2024,40,Oklahoma,One or more young children,Black,0.336122766
2024,40,Oklahoma,One or more young children,Hispanic,0.24918676
2024,40,Oklahoma,One or more young children,Asian,0.394950424
2024,40,Oklahoma,One or more young children,Other,0.341051441
2024,40,Oklahoma,One or more young children,People of Color,0.307520778
2024,41,Oregon,No young children,Total,0.507306509
2024,41,Oregon,No young children,White,0.515433337
2024,41,Oregon,No young children,Black,0.452792981
2024,41,Oregon,No young children,Hispanic,0.451280573
2024,41,Oregon,No young children,Asian,0.523631798
2024,41,Oregon,No young children,Other,0.483274529
2024,41,Oregon,No young children,People of Color,0.475644016
2024,41,Oregon,One or more young children,Total,0.3336903
2024,41,Oregon,One or more young children,White,0.368488852
2024,41,Oregon,One or more young children,Black,0.299040659
2024,41,Oregon,One or more young children,Hispanic,0.245902515
2024,41,Oregon,One or more young children,Asian,0.337222062
2024,41,Oregon,One or more young children,Other,0.24944918
2024,41,Oregon,One or more young children,People of Color,0.264677351
2024,42,Pennsylvania,No young children,Total,0.591458817
2024,42,Pennsylvania,No young children,White,0.618976946
2024,42,Pennsylvania,No young children,Black,0.438843304
2024,42,Pennsylvania,No young children,Hispanic,0.479767357
2024,42,Pennsylvania,No young children,Asian,0.589034117
2024,42,Pennsylvania,No young children,Other,0.589256343
2024,42,Pennsylvania,No young children,People of Color,0.492332651
2024,42,Pennsylvania,One or more young children,Total,0.440438538
2024,42,Pennsylvania,One or more young children,White,0.512628021
2024,42,Pennsylvania,One or more young children,Black,0.224730541
2024,42,Pennsylvania,One or more young children,Hispanic,0.228381136
2024,42,Pennsylvania,One or more young children,Asian,0.461036648
2024,42,Pennsylvania,One or more young children,Other,0.400742
2024,42,Pennsylvania,One or more young children,People of Color,0.288203902
2024,44,Rhode Island,No young children,Total,0.605046085
2024,44,Rhode Island,No young children,White,0.636942411
2024,44,Rhode Island,No young children,Black,0.473493943
2024,44,Rhode Island,No young children,Hispanic,0.398466345
2024,44,Rhode Island,No young children,Asian,0.674235927
2024,44,Rhode Island,No young children,Other,0.63457267
2024,44,Rhode Island,No young children,People of Color,0.503005717
2024,44,Rhode Island,One or more young children,Total,0.517935114
2024,44,Rhode Island,One or more young children,White,0.626979008
2024,44,Rhode Island,One or more young children,Black,0.492044359
2024,44,Rhode Island,One or more young children,Hispanic,0.281851274
2024,44,Rhode Island,One or more young children,Asian,0.557441769
2024,44,Rhode Island,One or more young children,Other,0.54143418
2024,44,Rhode Island,One or more young children,People of Color,0.376767486
2024,45,South Carolina,No young children,Total,0.59194676
2024,45,South Carolina,No young children,White,0.632491928
2024,45,South Carolina,No young children,Black,0.484751069
2024,45,South Carolina,No young children,Hispanic,0.558899785
2024,45,South Carolina,No young children,Asian,0.617053399
2024,45,South Carolina,No young children,Other,0.550842187
2024,45,South Carolina,No young children,People of Color,0.508876357
2024,45,South Carolina,One or more young children,Total,0.405885779
2024,45,South Carolina,One or more young children,White,0.497200875
2024,45,South Carolina,One or more young children,Black,0.250888213
2024,45,South Carolina,One or more young children,Hispanic,0.236674943
2024,45,South Carolina,One or more young children,Asian,0.659202305
2024,45,South Carolina,One or more young children,Other,0.3605435
2024,45,South Carolina,One or more young children,People of Color,0.28257866
2024,46,South Dakota,No young children,Total,0.645080988
2024,46,South Dakota,No young children,White,0.660682937
2024,46,South Dakota,No young children,Black,0.562630171
2024,46,South Dakota,No young children,Hispanic,0.599325316
2024,46,South Dakota,No young children,Asian,0.651204844
2024,46,South Dakota,No young children,Other,0.506492488
2024,46,South Dakota,No young children,People of Color,0.552101089
2024,46,South Dakota,One or more young children,Total,0.479738767
2024,46,South Dakota,One or more young children,White,0.549637886
2024,46,South Dakota,One or more young children,Black,0.145150254
2024,46,South Dakota,One or more young children,Hispanic,0.199204718
2024,46,South Dakota,One or more young children,Asian,0.333924034
2024,46,South Dakota,One or more young children,Other,0.227577929
2024,46,South Dakota,One or more young children,People of Color,0.221508652
2024,47,Tennessee,No young children,Total,0.608263282
2024,47,Tennessee,No young children,White,0.63770788
2024,47,Tennessee,No young children,Black,0.491745791
2024,47,Tennessee,No young children,Hispanic,0.523023137
2024,47,Tennessee,No young children,Asian,0.649324083
2024,47,Tennessee,No young children,Other,0.558155111
2024,47,Tennessee,No young children,People of Color,0.517994016
2024,47,Tennessee,One or more young children,Total,0.490912723
2024,47,Tennessee,One or more young children,White,0.578188076
2024,47,Tennessee,One or more young children,Black,0.280392896
2024,47,Tennessee,One or more young children,Hispanic,0.237814774
2024,47,Tennessee,One or more young children,Asian,0.537332688
2024,47,Tennessee,One or more young children,Other,0.366857761
2024,47,Tennessee,One or more young children,People of Color,0.298893271
2024,48,Texas,No young children,Total,0.616300196
2024,48,Texas,No young children,White,0.680032334
2024,48,Texas,No young children,Black,0.564130161
2024,48,Texas,No young children,Hispanic,0.52410773
2024,48,Texas,No young children,Asian,0.678059096
2024,48,Texas,No young children,Other,0.628785549
2024,48,Texas,No young children,People of Color,0.556640983
2024,48,Texas,One or more young children,Total,0.461007053
2024,48,Texas,One or more young children,White,0.619026622
2024,48,Texas,One or more young children,Black,0.367915662
2024,48,Texas,One or more young children,Hispanic,0.327442188
2024,48,Texas,One or more young children,Asian,0.621037829
2024,48,Texas,One or more young children,Other,0.517937829
2024,48,Texas,One or more young children,People of Color,0.376889429
2024,49,Utah,No young children,Total,0.637565124
2024,49,Utah,No young children,White,0.659394533
2024,49,Utah,No young children,Black,0.555753919
2024,49,Utah,No young children,Hispanic,0.505101135
2024,49,Utah,No young children,Asian,0.629103092
2024,49,Utah,No young children,Other,0.612014133
2024,49,Utah,No young children,People of Color,0.549444133
2024,49,Utah,One or more young children,Total,0.357991867
2024,49,Utah,One or more young children,White,0.390300621
2024,49,Utah,One or more young children,Black,0.088028248
2024,49,Utah,One or more young children,Hispanic,0.243982494
2024,49,Utah,One or more young children,Asian,0.354846007
2024,49,Utah,One or more young children,Other,0.318413507
2024,49,Utah,One or more young children,People of Color,0.264596967
2024,50,Vermont,No young children,Total,0.596342258
2024,50,Vermont,No young children,White,0.606684586
2024,50,Vermont,No young children,Black,0.690282469
2024,50,Vermont,No young children,Hispanic,0.575281373
2024,50,Vermont,No young children,Asian,0.739224078
2024,50,Vermont,No young children,Other,0.370697233
2024,50,Vermont,No young children,People of Color,0.482406388
2024,50,Vermont,One or more young children,Total,0.441647696
2024,50,Vermont,One or more young children,White,0.450320293
2024,50,Vermont,One or more young children,Black,0.758403367
2024,50,Vermont,One or more young children,Hispanic,0.303276205
2024,50,Vermont,One or more young children,Asian,0
2024,50,Vermont,One or more young children,Other,0.476935642
2024,50,Vermont,One or more young children,People of Color,0.349606597
2024,51,Virginia,No young children,Total,0.633067468
2024,51,Virginia,No young children,White,0.667844954
2024,51,Virginia,No young children,Black,0.546517688
2024,51,Virginia,No young children,Hispanic,0.545211833
2024,51,Virginia,No young children,Asian,0.629159899
2024,51,Virginia,No young children,Other,0.617871713
2024,51,Virginia,No young children,People of Color,0.567080016
2024,51,Virginia,One or more young children,Total,0.418226966
2024,51,Virginia,One or more young children,White,0.479271483
2024,51,Virginia,One or more young children,Black,0.337788729
2024,51,Virginia,One or more young children,Hispanic,0.260251845
2024,51,Virginia,One or more young children,Asian,0.45910661
2024,51,Virginia,One or more young children,Other,0.431791759
2024,51,Virginia,One or more young children,People of Color,0.345977291
2024,53,Washington,No young children,Total,0.620291408
2024,53,Washington,No young children,White,0.632088714
2024,53,Washington,No young children,Black,0.531091452
2024,53,Washington,No young children,Hispanic,0.531688396
2024,53,Washington,No young children,Asian,0.650759849
2024,53,Washington,No young children,Other,0.612958064
2024,53,Washington,No young children,People of Color,0.589958834
2024,53,Washington,One or more young children,Total,0.436140859
2024,53,Washington,One or more young children,White,0.486602108
2024,53,Washington,One or more young children,Black,0.164817169
2024,53,Washington,One or more young children,Hispanic,0.253380574
2024,53,Washington,One or more young children,Asian,0.557156105
2024,53,Washington,One or more young children,Other,0.418645088
2024,53,Washington,One or more young children,People of Color,0.364316809
2024,54,West Virginia,No young children,Total,0.505492431
2024,54,West Virginia,No young children,White,0.511705108
2024,54,West Virginia,No young children,Black,0.480403837
2024,54,West Virginia,No young children,Hispanic,0.486994503
2024,54,West Virginia,No young children,Asian,0.493056466
2024,54,West Virginia,No young children,Other,0.37984914
2024,54,West Virginia,No young children,People of Color,0.435529672
2024,54,West Virginia,One or more young children,Total,0.341588705
2024,54,West Virginia,One or more young children,White,0.35014492
2024,54,West Virginia,One or more young children,Black,0.154323175
2024,54,West Virginia,One or more young children,Hispanic,0.268177968
2024,54,West Virginia,One or more young children,Asian,0.828537556
2024,54,West Virginia,One or more young children,Other,0.234013418
2024,54,West Virginia,One or more young children,People of Color,0.278755805
2024,55,Wisconsin,No young children,Total,0.621042727
2024,55,Wisconsin,No young children,White,0.634167461
2024,55,Wisconsin,No young children,Black,0.492707182
2024,55,Wisconsin,No young children,Hispanic,0.497419979
2024,55,Wisconsin,No young children,Asian,0.692280487
2024,55,Wisconsin,No young children,Other,0.607904145
2024,55,Wisconsin,No young children,People of Color,0.548532983
2024,55,Wisconsin,One or more young children,Total,0.399450645
2024,55,Wisconsin,One or more young children,White,0.444175195
2024,55,Wisconsin,One or more young children,Black,0.147340108
2024,55,Wisconsin,One or more young children,Hispanic,0.23979079
2024,55,Wisconsin,One or more young children,Asian,0.501855152
2024,55,Wisconsin,One or more young children,Other,0.351119058
2024,55,Wisconsin,One or more young children,People of Color,0.26999459
2024,56,Wyoming,No young children,Total,0.603063638
2024,56,Wyoming,No young children,White,0.627410972
2024,56,Wyoming,No young children,Black,0.612783075
2024,56,Wyoming,No young children,Hispanic,0.375674389
2024,56,Wyoming,No young children,Asian,0.879117958
2024,56,Wyoming,No young children,Other,0.510812181
2024,56,Wyoming,No young children,People of Color,0.46708735
2024,56,Wyoming,One or more young children,Total,0.423297376
2024,56,Wyoming,One or more young children,White,0.449751873
2024,56,Wyoming,One or more young children,Black,0.674557945
2024,56,Wyoming,One or more young children,Hispanic,0.196930618
2024,56,Wyoming,One or more young children,Asian,0.778065388
2024,56,Wyoming,One or more young children,Other,0.386090339
2024,56,Wyoming,One or more young children,People of Color,0.292624608
2024,99999,United States,No young children,Total,0.582364017
2024,99999,United States,No young children,White,0.622750876
2024,99999,United States,No young children,Black,0.471780373
2024,99999,United States,No young children,Hispanic,0.476897892
2024,99999,United States,No young children,Asian,0.595280075
2024,99999,United States,No young children,Other,0.561102275
2024,99999,United States,No young children,People of Color,0.504024264
2024,99999,United States,One or more young children,Total,0.407606901
2024,99999,United States,One or more young children,White,0.495152119
2024,99999,United States,One or more young children,Black,0.273948041
2024,99999,United States,One or more young children,Hispanic,0.25924489
2024,99999,United States,One or more young children,Asian,0.474573227
2024,99999,United States,One or more young children,Other,0.374794216
2024,99999,United States,One or more young children,People of Color,0.307457051
